<?xml version="1.0" encoding="UTF-8" standalone="no"?>
<catalog prefer="public" xmlns="urn:oasis:names:tc:entity:xmlns:xml:catalog">
    <uri id="Imports Wizard Entry" name="http://purl.obolibrary.org/obo/pato.owl" uri="pato.owl"/>
    <uri id="Imports Wizard Entry" name="http://purl.obolibrary.org/obo/envo/imports/ro_import.owl" uri="ro-import.owl"/>
    <uri id="Imports Wizard Entry" name="http://www.ontologyrepository.com/CommonCoreOntologies/Mid/2024-02-14/MergedAllCoreOntology" uri="cco-merged/MergedAllCoreOntology-v1.5-2024-02-14.ttl"/>
    <uri id="User Entered Import Resolution" name="http://www.ontologyrepository.com/CommonCoreOntologies/Mid/AgentOntology" uri="AgentOntology.ttl"/>
    <uri id="User Entered Import Resolution" name="http://www.ontologyrepository.com/CommonCoreOntologies/Mid/EventOntology" uri="EventOntology.ttl"/>
    <uri id="User Entered Import Resolution" name="http://www.ontologyrepository.com/CommonCoreOntologies/Mid/ArtifactOntology" uri="ArtifactOntology.ttl"/>
    <uri id="User Entered Import Resolution" name="http://www.ontologyrepository.com/CommonCoreOntologies/Mid/FacilityOntology" uri="FacilityOntology.ttl"/>
    <uri id="User Entered Import Resolution" name="http://www.ontologyrepository.com/CommonCoreOntologies/Mid/QualityOntology" uri="QualityOntology.ttl"/>
    <uri id="User Entered Import Resolution" name="http://www.ontologyrepository.com/CommonCoreOntologies/Mid/CurrencyUnitOntology" uri="CurrencyUnitOntology.ttl"/>
    <uri id="User Entered Import Resolution" name="http://www.ontologyrepository.com/CommonCoreOntologies/Mid/GeospatialOntology" uri="GeospatialOntology.ttl"/>
    <uri id="User Entered Import Resolution" name="http://purl.obolibrary.org/obo/bfo/2020/bfo-core.ttl" uri="imports/bfo-core.ttl"/>
    <uri id="User Entered Import Resolution" name="http://www.ontologyrepository.com/CommonCoreOntologies/Mid/ExtendedRelationOntology" uri="ExtendedRelationOntology.ttl"/>
    <uri id="User Entered Import Resolution" name="http://www.ontologyrepository.com/CommonCoreOntologies/Mid/TimeOntology" uri="TimeOntology.ttl"/>
    <uri id="User Entered Import Resolution" name="http://www.ontologyrepository.com/CommonCoreOntologies/Mid/InformationEntityOntology" uri="InformationEntityOntology.ttl"/>
    <uri id="User Entered Import Resolution" name="http://www.ontologyrepository.com/CommonCoreOntologies/Mid/UnitsOfMeasureOntology" uri="UnitsOfMeasureOntology.ttl"/>
</catalog>
